Number,Date,Time Start,Time End,Duration (min),Duration (Time),Type,Weekday,Notes
1,1/23/2017,12:33 PM,1:26 PM,53,0:53,FT,Monday,
2,1/24/2017,5:07 PM,5:49 PM,42,0:42,C,Tuesday,
3,1/24/2017,6:49 PM,7:08 PM,19,0:19,C,Tuesday,
4,1/24/2017,10:12 PM,11:29 PM,77,1:17,FT,Tuesday,
5,1/27/2017,4:17 PM,7:43 PM,206,3:26,FT,Friday,
6,1/28/2017,1:49 PM,3:16 PM,87,1:27,FT,Saturday,
7,1/29/2017,5:46 PM,6:30 PM,44,0:44,FT,Sunday,
8,1/29/2017,7:15 PM,7:58 PM,43,0:43,FT,Sunday,
9,1/30/2017,5:24 PM,6:31 PM,67,1:07,FT,Monday,
10,1/31/2017,5:10 PM,5:44 PM,34,0:34,C,Tuesday,
11,1/31/2017,9:56 PM,10:39 PM,43,0:43,C,Tuesday,
12,1/31/2017,10:46 PM,12:15 AM,89,1:29,FT,Tuesday,
13,2/1/2017,2:58 PM,7:06 PM,248,4:08,FT,Wednesday,
14,2/1/2017,8:08 PM,8:16 PM,8,0:08,FT,Wednesday,
15,2/2/2017,5:36 PM,6:06 PM,30,0:30,C,Thursday,
16,2/2/2017,6:07 PM,6:30 PM,23,0:23,FT,Thursday,
17,2/3/2017,2:12 PM,7:32 PM,320,5:20,FT,Friday,
18,2/3/2017,9:55 PM,3:33 AM,338,5:38,FT,Friday,
19,2/4/2017,8:52 PM,11:18 PM,146,2:26,FT,Saturday,
20,2/5/2017,3:45 PM,4:45 PM,60,1:00,FT,Sunday,
21,2/6/2017,2:59 PM,5:22 PM,143,2:23,FT,Monday,
22,2/6/2017,6:21 PM,8:23 PM,122,2:02,FT,Monday,
23,2/8/2017,8:29 PM,12:15 AM,226,3:46,FT,Wednesday,
24,2/9/2017,9:15 PM,12:24 AM,189,3:09,FT,Thursday,
25,2/11/2017,12:05 AM,12:56 AM,51,0:51,FT,Saturday,
26,2/11/2017,1:24 PM,1:52 PM,28,0:28,FT,Saturday,
27,2/12/2017,12:10 PM,1:09 PM,59,0:59,C,Sunday,
28,2/12/2017,1:10 PM,2:19 PM,69,1:09,FT,Sunday,
29,2/12/2017,5:23 PM,7:06 PM,103,1:43,FT,Sunday,
30,2/13/2017,9:12 PM,12:10 AM,178,2:58,FT,Monday,
31,2/14/2017,12:05 PM,12:53 PM,48,0:48,C,Tuesday,
32,2/14/2017,10:54 PM,2:03 AM,189,3:09,FT,Tuesday,
33,2/17/2017,1:33 PM,2:06 PM,33,0:33,FT,Friday,
34,2/18/2017,12:10 AM,12:46 AM,36,0:36,FT,Saturday,
35,2/18/2017,3:50 PM,4:07 PM,17,0:17,C,Saturday,
36,2/18/2017,10:28 PM,11:50 PM,82,1:22,FT,Saturday,
37,2/19/2017,12:00 AM,12:12 AM,12,0:12,C,Sunday,
38,2/19/2017,12:12 AM,1:15 AM,63,1:03,FT,Sunday,
39,2/19/2017,5:50 PM,7:25 PM,95,1:35,FT,Sunday,
40,2/20/2017,1:58 PM,2:20 PM,22,0:22,C,Monday,
41,2/20/2017,2:20 PM,7:21 PM,301,5:01,FT,Monday,
42,2/20/2017,8:58 PM,11:40 PM,162,2:42,FT,Monday,
43,2/22/2017,2:32 PM,6:57 PM,265,4:25,FT,Wednesday,Iceland Trip
44,2/22/2017,8:29 PM,12:20 AM,231,3:51,FT,Wednesday,Iceland Trip
45,2/23/2017,5:10 PM,5:47 PM,37,0:37,C,Thursday,Iceland Trip
46,2/23/2017,5:49 PM,6:26 PM,37,0:37,FT,Thursday,Iceland Trip
47,2/23/2017,9:06 PM,9:56 PM,50,0:50,C,Thursday,Iceland Trip
48,2/23/2017,9:57 PM,11:01 PM,64,1:04,FT,Thursday,Iceland Trip
49,2/24/2017,9:05 PM,9:25 PM,20,0:20,C,Friday,
50,2/24/2017,10:51 PM,11:19 PM,28,0:28,C,Friday,
51,2/25/2017,7:07 PM,8:52 PM,105,1:45,FT,Saturday,
52,2/26/2017,5:01 PM,5:16 PM,15,0:15,FT,Sunday,
53,2/26/2017,10:47 PM,1:12 AM,145,2:25,FT,Sunday,TOGETHER
54,2/27/2017,5:03 PM,6:44 PM,101,1:41,FT,Monday,TOGETHER
55,2/27/2017,7:27 PM,8:24 PM,57,0:57,FT,Monday,TOGETHER
56,2/27/2017,8:44 PM,12:31 AM,227,3:47,FT,Monday,TOGETHER
57,2/28/2017,12:55 AM,1:16 AM,21,0:21,FT,Tuesday,TOGETHER
58,2/28/2017,11:47 AM,12:53 PM,66,1:06,C,Tuesday,TOGETHER
59,2/28/2017,11:52 PM,12:28 AM,36,0:36,FT,Tuesday,TOGETHER
60,3/1/2017,3:01 PM,4:46 PM,105,1:45,FT,Wednesday,TOGETHER
61,3/2/2017,10:37 AM,12:02 PM,85,1:25,FT,Thursday,
62,3/2/2017,12:06 PM,12:41 PM,35,0:35,C,Thursday,
63,3/2/2017,12:42 PM,12:58 PM,16,0:16,FT,Thursday,
64,3/2/2017,6:09 PM,6:26 PM,17,0:17,C,Thursday,
65,3/2/2017,6:27 PM,6:31 PM,4,0:04,FT,Thursday,
66,3/3/2017,12:30 AM,1:01 AM,31,0:31,FT,Friday,
67,3/3/2017,11:40 AM,11:49 AM,9,0:09,FT,Friday,
68,3/3/2017,12:27 PM,1:18 PM,51,0:51,FT,Friday,
69,3/3/2017,11:22 PM,11:50 PM,28,0:28,C,Friday,
70,3/4/2017,12:04 AM,12:21 AM,17,0:17,FT,Saturday,
71,3/4/2017,12:51 PM,1:01 PM,10,0:10,C,Saturday,
72,3/4/2017,8:18 PM,8:32 PM,14,0:14,C,Saturday,
73,3/4/2017,9:57 PM,12:09 AM,132,2:12,FT,Saturday,
74,3/5/2017,2:45 AM,3:12 AM,27,0:27,FT,Sunday,
75,3/5/2017,4:07 PM,5:17 PM,70,1:10,FT,Sunday,
76,3/6/2017,6:26 PM,6:36 PM,10,0:10,FT,Monday,
77,3/11/2017,12:21 PM,12:54 PM,33,0:33,FT,Saturday,
78,3/11/2017,6:13 PM,7:20 PM,67,1:07,FT,Saturday,
79,3/12/2017,9:10 PM,10:10 PM,60,1:00,FT,Sunday,
80,3/13/2017,12:39 PM,1:45 PM,66,1:06,FT,Monday,
81,3/13/2017,5:48 PM,10:12 PM,264,4:24,FT,Monday,
82,3/14/2017,1:07 AM,1:29 AM,22,0:22,FT,Tuesday,
83,3/14/2017,5:13 PM,5:57 PM,44,0:44,C,Tuesday,
84,3/14/2017,10:40 PM,11:03 PM,23,0:23,C,Tuesday,
85,3/15/2017,1:50 PM,3:21 PM,91,1:31,C,Wednesday,
86,3/20/2017,3:30 PM,4:37 PM,67,1:07,FT,Monday,
87,3/22/2017,6:01 PM,6:44 PM,43,0:43,C,Wednesday,
88,3/22/2017,6:44 AM,7:04 AM,20,0:20,FT,Wednesday,
89,3/22/2017,10:03 PM,10:38 PM,35,0:35,FT,Wednesday,
90,3/23/2017,4:27 PM,6:28 PM,121,2:01,FT,Thursday,
91,3/23/2017,6:47 PM,7:30 PM,43,0:43,FT,Thursday,
92,3/24/2017,11:08 AM,11:47 AM,39,0:39,FT,Friday,
93,3/25/2017,1:30 PM,2:03 PM,33,0:33,C,Saturday,
94,3/25/2017,2:38 PM,3:38 PM,60,1:00,FT,Saturday,
95,3/27/2017,11:02 AM,11:34 AM,32,0:32,C,Monday,
96,3/27/2017,11:55 AM,1:50 PM,115,1:55,FT,Monday,
97,3/27/2017,5:58 PM,7:38 PM,100,1:40,FT,Monday,
98,3/27/2017,11:33 PM,12:29 AM,56,0:56,FT,Monday,
99,3/28/2017,8:56 PM,9:48 PM,52,0:52,C,Tuesday,
100,3/28/2017,9:48 PM,12:33 AM,165,2:45,FT,Tuesday,
101,3/29/2017,5:29 PM,6:45 PM,76,1:16,FT,Wednesday,
102,3/29/2017,9:46 AM,12:19 PM,153,2:33,FT,Wednesday,
103,3/30/2017,5:15 PM,5:25 PM,10,0:10,C,Thursday,
104,3/30/2017,5:25 PM,5:54 PM,29,0:29,FT,Thursday,
105,3/30/2017,11:44 PM,12:41 AM,57,0:57,FT,Thursday,
106,3/31/2017,3:47 PM,4:01 PM,14,0:14,C,Friday,
107,3/31/2017,5:47 PM,6:34 PM,47,0:47,FT,Friday,
108,3/31/2017,9:42 PM,9:50 PM,8,0:08,C,Friday,
109,3/31/2017,11:19 PM,12:40 AM,81,1:21,FT,Friday,TOGETHER
110,4/1/2017,1:21 PM,4:52 PM,211,3:31,FT,Saturday,TOGETHER
111,4/1/2017,10:20 PM,10:46 PM,26,0:26,C,Saturday,TOGETHER
112,4/1/2017,10:43 PM,12:41 AM,118,1:58,FT,Saturday,
113,4/2/2017,2:15 AM,2:34 AM,19,0:19,FT,Sunday,
114,4/2/2017,5:18 PM,5:52 PM,34,0:34,FT,Sunday,
115,4/2/2017,6:02 PM,6:38 PM,36,0:36,C,Sunday,
116,4/2/2017,6:38 PM,8:05 PM,87,1:27,FT,Sunday,
117,4/3/2017,9:58 PM,12:57 AM,179,2:59,FT,Monday,
118,4/4/2017,1:37 AM,2:45 AM,68,1:08,FT,Tuesday,
119,4/4/2017,3:39 PM,3:59 PM,20,0:20,C,Tuesday,
120,4/4/2017,5:06 PM,5:17 PM,11,0:11,FT,Tuesday,TOGETHER
121,4/4/2017,5:23 PM,5:45 PM,22,0:22,C,Tuesday,TOGETHER
122,4/4/2017,8:22 PM,9:10 PM,48,0:48,C,Tuesday,TOGETHER
123,4/4/2017,9:23 PM,9:50 PM,27,0:27,FT,Tuesday,TOGETHER
124,4/4/2017,11:35 PM,12:00 AM,25,0:25,FT,Tuesday,TOGETHER
125,4/5/2017,12:03 AM,12:47 AM,44,0:44,FT,Wednesday,TOGETHER
126,4/5/2017,4:43 PM,5:42 PM,59,0:59,FT,Wednesday,TOGETHER
127,4/5/2017,6:02 PM,9:20 PM,198,3:18,FT,Wednesday,TOGETHER
128,4/5/2017,10:37 PM,10:54 PM,17,0:17,C,Wednesday,TOGETHER
129,4/6/2017,3:13 AM,4:25 AM,72,1:12,FT,Thursday,TOGETHER
130,4/6/2017,5:07 PM,5:23 PM,16,0:16,FT,Thursday,TOGETHER
131,4/6/2017,6:21 PM,6:32 PM,11,0:11,C,Thursday,TOGETHER
132,4/6/2017,7:38 PM,7:56 PM,18,0:18,C,Thursday,TOGETHER
133,4/6/2017,7:56 PM,10:04 PM,128,2:08,FT,Thursday,
134,4/7/2017,2:58 AM,4:50 AM,112,1:52,FT,Friday,
135,4/7/2017,11:12 PM,12:57 AM,105,1:45,FT,Friday,
136,4/9/2017,1:19 AM,2:59 AM,100,1:40,FT,Sunday,
137,4/9/2017,3:38 AM,3:52 AM,14,0:14,FT,Sunday,
138,4/9/2017,8:32 PM,8:42 PM,10,0:10,C,Sunday,
139,4/10/2017,2:12 AM,3:18 AM,66,1:06,FT,Monday,
140,4/10/2017,5:32 PM,5:54 PM,22,0:22,FT,Monday,TOGETHER
141,4/10/2017,9:55 PM,11:42 PM,107,1:47,FT,Monday,TOGETHER
142,4/11/2017,11:45 PM,2:01 AM,136,2:16,FT,Tuesday,TOGETHER
143,4/11/2017,2:15 AM,2:51 AM,36,0:36,FT,Tuesday,TOGETHER
144,4/11/2017,5:13 PM,5:19 PM,6,0:06,FT,Tuesday,TOGETHER
145,4/11/2017,8:12 PM,6:40 AM,628,10:28,FT,Tuesday,TOGETHER
146,4/12/2017,9:42 PM,2:08 AM,266,4:26,FT,Wednesday,TOGETHER
147,4/13/2017,6:07 PM,6:30 PM,23,0:23,FT,Thursday,TOGETHER
148,4/14/2017,12:07 AM,4:20 AM,253,4:13,FT,Friday,TOGETHER
149,4/14/2017,12:26 PM,1:03 PM,37,0:37,FT,Friday,TOGETHER
150,4/15/2017,5:44 PM,6:13 PM,29,0:29,FT,Saturday,TOGETHER
151,4/16/2017,1:16 AM,2:58 AM,102,1:42,FT,Sunday,TOGETHER
152,4/16/2017,11:28 PM,2:20 AM,172,2:52,FT,Sunday,TOGETHER
153,4/17/2017,2:19 AM,4:06 AM,107,1:47,FT,Monday,TOGETHER
154,4/17/2017,12:10 PM,1:00 PM,50,0:50,FT,Monday,TOGETHER
155,4/17/2017,9:05 PM,12:03 AM,178,2:58,FT,Monday,TOGETHER
156,4/18/2017,12:13 AM,3:17 AM,184,3:04,FT,Tuesday,TOGETHER
157,4/18/2017,9:28 PM,12:21 AM,173,2:53,FT,Tuesday,TOGETHER
158,4/19/2017,4:56 PM,5:58 PM,62,1:02,FT,Wednesday,TOGETHER
159,4/19/2017,11:23 PM,1:30 AM,127,2:07,FT,Wednesday,TOGETHER
160,4/21/2017,12:57 PM,3:50 PM,173,2:53,FT,Friday,TOGETHER
161,4/22/2017,7:03 PM,8:38 PM,95,1:35,FT,Saturday,TOGETHER
162,4/23/2017,12:57 AM,1:51 AM,54,0:54,FT,Sunday,TOGETHER
163,4/23/2017,9:38 PM,2:46 AM,308,5:08,FT,Sunday,TOGETHER
164,4/24/2017,6:07 PM,6:45 PM,38,0:38,FT,Monday,TOGETHER
165,4/24/2017,9:58 PM,11:48 PM,110,1:50,FT,Monday,TOGETHER
166,4/25/2017,1:42 AM,1:56 AM,14,0:14,FT,Tuesday,TOGETHER
167,4/25/2017,9:09 AM,9:18 AM,9,0:09,C,Tuesday,
168,4/25/2017,10:09 PM,12:32 AM,143,2:23,FT,Tuesday,
169,4/26/2017,9:08 PM,9:52 PM,44,0:44,FT,Wednesday,
170,4/27/2017,12:34 PM,1:37 PM,63,1:03,FT,Thursday,
171,4/27/2017,10:31 PM,3:13 AM,282,4:42,FT,Thursday,
172,4/28/2017,3:16 AM,3:25 AM,9,0:09,FT,Friday,
173,4/28/2017,1:09 PM,5:47 PM,278,4:38,FT,Friday,
174,4/28/2017,6:56 PM,8:27 PM,91,1:31,FT,Friday,
175,4/29/2017,12:01 AM,12:48 AM,47,0:47,FT,Saturday,
176,4/29/2017,12:35 PM,4:46 PM,251,4:11,FT,Saturday,
177,4/29/2017,6:22 PM,6:56 PM,34,0:34,FT,Saturday,
178,4/29/2017,7:19 PM,12:16 AM,297,4:57,FT,Saturday,
179,4/30/2017,7:19 PM,8:19 PM,60,1:00,FT,Sunday,
180,4/30/2017,11:17 PM,12:35 AM,78,1:18,FT,Sunday,
181,5/1/2017,9:22 PM,1:27 AM,245,4:05,FT,Monday,
182,5/2/2017,11:07 AM,11:24 AM,17,0:17,C,Tuesday,
183,5/2/2017,4:00 PM,4:18 PM,18,0:18,FT,Tuesday,
184,5/2/2017,9:46 PM,9:58 PM,12,0:12,FT,Tuesday,
185,5/3/2017,12:24 AM,2:14 AM,110,1:50,FT,Wednesday,
186,5/3/2017,1:27 PM,9:48 PM,501,8:21,FT,Wednesday,
187,5/4/2017,12:59 PM,2:03 PM,64,1:04,FT,Thursday,
188,5/4/2017,4:22 PM,4:38 PM,16,0:16,C,Thursday,
189,5/4/2017,7:55 PM,8:03 PM,8,0:08,C,Thursday,
190,5/4/2017,11:00 PM,2:25 AM,205,3:25,FT,Thursday,
191,5/5/2017,10:43 AM,11:45 AM,62,1:02,C,Friday,
192,5/5/2017,4:41 PM,5:43 PM,62,1:02,FT,Friday,
193,5/5/2017,6:41 PM,7:08 PM,27,0:27,C,Friday,
194,5/5/2017,10:58 PM,3:36 AM,278,4:38,FT,Friday,
195,5/6/2017,2:48 PM,6:53 PM,245,4:05,FT,Saturday,
196,5/6/2017,10:31 PM,1:03 AM,152,2:32,FT,Saturday,
197,5/7/2017,9:09 PM,12:52 AM,223,3:43,FT,Sunday,
198,5/8/2017,2:49 PM,2:56 PM,7,0:07,FT,Monday,
199,5/8/2017,5:56 PM,7:01 PM,65,1:05,FT,Monday,
200,5/8/2017,10:25 PM,1:29 AM,184,3:04,FT,Monday,TOGETHER
201,5/9/2017,4:15 PM,5:02 PM,47,0:47,C,Tuesday,TOGETHER
202,5/12/2017,4:09 PM,4:43 PM,34,0:34,C,Friday,TOGETHER
203,5/12/2017,5:33 AM,6:14 AM,41,0:41,C,Friday,TOGETHER
204,5/13/2017,12:51 AM,2:36 AM,105,1:45,FT,Saturday,TOGETHER
205,5/13/2017,10:32 PM,11:38 PM,66,1:06,FT,Saturday,TOGETHER
206,5/14/2017,11:10 PM,1:43 AM,153,2:33,FT,Sunday,TOGETHER
207,5/15/2017,4:39 PM,5:00 PM,21,0:21,C,Monday,TOGETHER
208,5/15/2017,11:11 PM,1:53 AM,162,2:42,FT,Monday,TOGETHER
209,5/16/2017,4:55 PM,7:34 PM,159,2:39,FT,Tuesday,TOGETHER
210,5/16/2017,11:36 PM,1:35 AM,119,1:59,FT,Tuesday,TOGETHER
211,5/17/2017,1:29 PM,2:29 PM,60,1:00,FT,Wednesday,
212,5/17/2017,10:51 PM,2:39 AM,228,3:48,FT,Wednesday,
213,5/18/2017,10:45 AM,11:30 AM,45,0:45,C,Thursday,
214,5/18/2017,4:17 PM,5:24 PM,67,1:07,C,Thursday,
215,5/18/2017,8:04 PM,8:26 PM,22,0:22,C,Thursday,
216,5/19/2017,3:22 PM,4:13 PM,51,0:51,FT,Friday,
217,5/19/2017,4:47 PM,5:00 PM,13,0:13,C,Friday,
218,5/19/2017,10:09 PM,10:20 PM,11,0:11,C,Friday,
219,5/20/2017,12:11 PM,1:18 PM,67,1:07,FT,Saturday,
220,5/20/2017,11:31 PM,3:17 AM,226,3:46,FT,Saturday,
221,5/22/2017,6:13 PM,6:48 PM,35,0:35,FT,Monday,
222,5/23/2017,6:20 PM,6:50 PM,30,0:30,FT,Tuesday,
223,5/23/2017,10:29 PM,10:47 PM,18,0:18,FT,Tuesday,
224,5/24/2017,8:44 PM,9:22 PM,38,0:38,FT,Wednesday,
225,5/25/2017,4:28 PM,5:07 PM,39,0:39,FT,Thursday,
226,5/26/2017,6:41 PM,7:22 PM,41,0:41,FT,Friday,
227,5/27/2017,9:49 PM,10:19 PM,30,0:30,FT,Saturday,
228,5/29/2017,11:48 AM,12:12 PM,24,0:24,FT,Monday,
229,5/29/2017,12:13 PM,12:34 PM,21,0:21,FT,Monday,
230,6/3/2017,8:40 PM,9:49 PM,69,1:09,FT,Saturday,
231,6/4/2017,1:08 PM,3:52 PM,164,2:44,FT,Sunday,
232,6/4/2017,11:55 PM,3:27 AM,212,3:32,FT,Sunday,
233,6/5/2017,2:46 PM,7:49 PM,303,5:03,FT,Monday,
234,6/6/2017,2:37 AM,3:01 AM,24,0:24,FT,Tuesday,
235,6/6/2017,2:04 PM,3:36 PM,92,1:32,C,Tuesday,
236,6/6/2017,6:43 PM,3:02 AM,499,8:19,FT,Tuesday,
237,6/7/2017,6:08 PM,6:30 PM,22,0:22,C,Wednesday,
238,6/7/2017,7:38 PM,11:03 PM,205,3:25,FT,Wednesday,
239,6/8/2017,12:01 AM,1:38 AM,97,1:37,FT,Thursday,
240,6/9/2017,12:38 AM,12:52 AM,14,0:14,FT,Friday,
241,6/9/2017,4:10 PM,4:17 PM,7,0:07,C,Friday,
242,6/26/2017,10:41 PM,10:51 PM,10,0:10,FT,Monday,
243,7/2/2017,6:20 PM,6:51 PM,31,0:31,C,Sunday,
244,7/3/2017,6:04 PM,6:11 PM,7,0:07,C,Monday,
245,7/4/2017,6:02 PM,6:06 PM,4,0:04,C,Tuesday,
246,7/6/2017,1:36 PM,1:47 PM,11,0:11,C,Thursday,
247,7/7/2017,4:13 PM,4:18 PM,5,0:05,C,Friday,
248,7/7/2017,6:52 PM,7:25 PM,33,0:33,FT,Friday,
249,7/8/2017,1:29 PM,1:49 PM,20,0:20,FT,Saturday,
250,7/8/2017,6:39 PM,8:16 PM,97,1:37,FT,Saturday,
251,7/8/2017,11:08 PM,11:19 PM,11,0:11,C,Saturday,
252,7/9/2017,1:51 AM,2:03 AM,12,0:12,FT,Sunday,
253,7/9/2017,10:54 AM,12:04 PM,70,1:10,FT,Sunday,
254,7/9/2017,12:53 PM,1:00 PM,7,0:07,C,Sunday,
255,7/9/2017,6:07 PM,7:11 PM,64,1:04,C,Sunday,
256,7/9/2017,10:36 PM,11:01 PM,25,0:25,C,Sunday,
257,7/10/2017,6:46 PM,7:17 PM,31,0:31,C,Monday,
258,7/10/2017,10:00 PM,10:11 PM,11,0:11,C,Monday,
259,7/10/2017,11:05 PM,11:41 PM,36,0:36,FT,Monday,
260,7/11/2017,10:53 PM,11:40 PM,47,0:47,FT,Tuesday,
261,7/12/2017,11:08 PM,12:15 AM,67,1:07,FT,Wednesday,
262,7/14/2017,3:13 PM,3:35 PM,22,0:22,C,Friday,
263,7/14/2017,3:58 PM,4:53 PM,55,0:55,FT,Friday,
264,7/14/2017,6:13 PM,6:55 PM,42,0:42,C,Friday,
265,7/14/2017,11:20 PM,12:25 AM,65,1:05,FT,Friday,
266,7/15/2017,12:28 AM,12:42 AM,14,0:14,FT,Saturday,
267,7/16/2017,11:38 PM,11:53 PM,15,0:15,C,Sunday,
268,7/16/2017,6:45 PM,8:17 PM,92,1:32,FT,Sunday,
269,7/17/2017,6:31 PM,6:40 PM,9,0:09,C,Monday,
270,7/17/2017,10:04 PM,11:20 PM,76,1:16,FT,Monday,
271,7/18/2017,6:59 PM,7:10 PM,11,0:11,C,Tuesday,
272,7/18/2017,10:19 PM,11:06 PM,47,0:47,FT,Tuesday,
273,7/19/2017,6:00 PM,6:09 PM,9,0:09,C,Wednesday,
274,7/20/2017,5:40 AM,6:15 AM,35,0:35,FT,Thursday,
275,7/20/2017,10:16 PM,11:42 PM,86,1:26,FT,Thursday,
276,7/21/2017,1:55 PM,3:54 PM,119,1:59,FT,Friday,
277,7/21/2017,7:13 PM,7:25 PM,12,0:12,FT,Friday,
278,7/22/2017,10:55 PM,12:43 AM,108,1:48,FT,Saturday,
279,7/23/2017,11:10 AM,1:17 PM,127,2:07,FT,Sunday,TOGETHER
280,7/23/2017,8:58 PM,9:26 PM,28,0:28,FT,Sunday,TOGETHER
281,7/23/2017,10:31 PM,12:13 AM,102,1:42,FT,Sunday,TOGETHER
282,7/24/2017,5:36 AM,5:51 AM,15,0:15,FT,Monday,TOGETHER
283,7/24/2017,7:53 PM,8:53 PM,60,1:00,FT,Monday,
284,7/24/2017,10:05 PM,10:27 PM,22,0:22,FT,Monday,
285,7/25/2017,6:52 PM,7:32 PM,40,0:40,FT,Tuesday,
286,7/26/2017,6:08 AM,6:16 AM,8,0:08,FT,Wednesday,
287,7/26/2017,9:42 PM,10:51 PM,69,1:09,FT,Wednesday,
288,7/27/2017,6:11 PM,6:51 PM,40,0:40,C,Thursday,
289,7/27/2017,8:33 PM,10:11 PM,98,1:38,FT,Thursday,
290,7/29/2017,12:26 PM,1:54 PM,88,1:28,FT,Saturday,
291,7/29/2017,9:03 PM,9:43 PM,40,0:40,FT,Saturday,
292,7/30/2017,1:24 AM,1:56 AM,32,0:32,FT,Sunday,
293,7/30/2017,1:16 PM,3:47 PM,151,2:31,FT,Sunday,
294,7/30/2017,10:28 PM,11:02 PM,34,0:34,FT,Sunday,
295,7/31/2017,6:59 PM,7:48 PM,49,0:49,FT,Monday,
296,7/31/2017,9:43 PM,9:51 PM,8,0:08,C,Monday,
297,7/31/2017,10:57 PM,11:15 PM,18,0:18,FT,Monday,
298,8/1/2017,6:45 PM,7:07 PM,22,0:22,FT,Tuesday,
299,8/1/2017,7:58 PM,9:45 PM,107,1:47,FT,Tuesday,
300,8/2/2017,7:02 PM,8:10 PM,68,1:08,FT,Wednesday,
301,8/2/2017,10:54 PM,11:18 PM,24,0:24,FT,Wednesday,
302,8/3/2017,6:48 PM,7:19 PM,31,0:31,FT,Thursday,
303,8/3/2017,9:59 PM,11:32 PM,93,1:33,FT,Thursday,
304,8/4/2017,11:21 PM,11:45 PM,24,0:24,C,Friday,
305,8/5/2017,7:41 PM,8:04 PM,23,0:23,FT,Saturday,
306,8/6/2017,12:44 AM,1:08 AM,24,0:24,FT,Sunday,
307,8/6/2017,12:28 PM,12:50 PM,22,0:22,FT,Sunday,
308,8/6/2017,5:22 PM,5:54 PM,32,0:32,FT,Sunday,
309,8/7/2017,12:09 AM,12:37 AM,28,0:28,FT,Monday,
310,8/7/2017,10:45 PM,10:59 PM,14,0:14,FT,Monday,
311,8/8/2017,9:03 PM,9:32 PM,29,0:29,FT,Tuesday,
312,8/19/2017,3:42 PM,4:17 PM,35,0:35,FT,Saturday,
313,8/19/2017,11:42 PM,12:27 AM,45,0:45,C,Saturday,
314,8/20/2017,2:41 PM,3:51 PM,70,1:10,FT,Sunday,
315,8/20/2017,4:45 PM,5:44 PM,59,0:59,FT,Sunday,
316,8/20/2017,10:49 PM,11:58 PM,69,1:09,FT,Sunday,
317,8/21/2017,6:19 PM,6:32 PM,13,0:13,FT,Monday,
318,8/22/2017,8:00 PM,8:45 PM,45,0:45,C,Tuesday,
319,8/23/2017,6:47 PM,9:02 PM,135,2:15,C,Wednesday,
320,8/25/2017,7:21 PM,7:59 PM,38,0:38,C,Friday,
321,8/26/2017,11:37 AM,1:04 PM,87,1:27,C,Saturday,
322,8/26/2017,5:41 PM,6:21 PM,40,0:40,C,Saturday,
323,8/27/2017,2:13 PM,5:06 PM,173,2:53,C,Sunday,
324,8/27/2017,10:06 PM,11:23 PM,77,1:17,C,Sunday,
325,8/28/2017,10:05 PM,10:41 PM,36,0:36,C,Monday,
326,8/29/2017,6:12 PM,6:36 PM,24,0:24,C,Tuesday,
327,8/29/2017,9:55 PM,10:47 PM,52,0:52,C,Tuesday,
328,8/30/2017,4:26 PM,4:52 PM,26,0:26,C,Wednesday,
329,8/31/2017,6:02 PM,6:29 PM,27,0:27,C,Thursday,
330,9/1/2017,4:26 PM,4:38 PM,12,0:12,C,Friday,
331,9/1/2017,7:57 PM,8:25 PM,28,0:28,C,Friday,
332,9/2/2017,4:49 PM,5:27 PM,38,0:38,C,Saturday,
333,9/3/2017,12:25 PM,1:18 PM,53,0:53,C,Sunday,
334,9/3/2017,3:33 PM,4:17 PM,44,0:44,C,Sunday,
335,9/3/2017,6:06 PM,7:35 PM,89,1:29,C,Sunday,
336,9/3/2017,11:57 PM,1:09 AM,72,1:12,C,Sunday,
337,9/4/2017,3:37 PM,6:48 PM,191,3:11,C,Monday,
338,9/4/2017,9:56 PM,12:32 AM,156,2:36,C,Monday,
339,9/5/2017,8:23 PM,9:49 PM,86,1:26,C,Tuesday,
340,9/6/2017,9:35 PM,11:06 PM,91,1:31,C,Wednesday,TOGETHER
341,9/7/2017,8:12 PM,8:34 PM,22,0:22,C,Thursday,TOGETHER
342,9/8/2017,8:25 PM,8:59 PM,34,0:34,C,Friday,TOGETHER
343,9/9/2017,6:40 PM,11:25 PM,285,4:45,C,Saturday,TOGETHER
344,9/10/2017,11:52 AM,2:26 PM,154,2:34,C,Sunday,TOGETHER
345,9/10/2017,5:00 PM,8:51 PM,231,3:51,C,Sunday,TOGETHER
346,9/10/2017,10:55 PM,11:24 PM,29,0:29,C,Sunday,TOGETHER
347,9/11/2017,6:01 PM,8:14 PM,133,2:13,C,Monday,TOGETHER
348,9/11/2017,10:50 PM,11:13 PM,23,0:23,C,Monday,TOGETHER
349,9/12/2017,8:08 PM,9:30 PM,82,1:22,C,Tuesday,TOGETHER
350,9/13/2017,7:42 PM,8:03 PM,21,0:21,C,Wednesday,TOGETHER
351,9/14/2017,6:12 PM,7:16 PM,64,1:04,C,Thursday,
352,9/15/2017,6:39 PM,10:06 PM,207,3:27,C,Friday,
353,9/16/2017,11:34 AM,11:49 AM,15,0:15,C,Saturday,
354,9/17/2017,2:49 PM,5:21 PM,152,2:32,C,Sunday,
355,9/18/2017,8:39 PM,10:52 PM,133,2:13,C,Monday,
356,9/19/2017,6:37 PM,9:14 PM,157,2:37,C,Tuesday,
357,9/21/2017,7:38 PM,8:13 PM,35,0:35,C,Thursday,
358,9/23/2017,5:22 PM,5:55 PM,33,0:33,C,Saturday,
359,9/24/2017,1:32 PM,9:46 PM,494,8:14,C,Sunday,
360,9/25/2017,9:15 PM,9:39 PM,24,0:24,C,Monday,
361,9/26/2017,8:21 PM,8:39 PM,18,0:18,C,Tuesday,
362,9/27/2017,7:34 PM,8:48 PM,74,1:14,C,Wednesday,
363,9/29/2017,6:05 PM,8:36 PM,151,2:31,C,Friday,
364,9/30/2017,2:47 PM,3:06 PM,19,0:19,C,Saturday,
365,10/1/2017,4:40 PM,6:20 PM,100,1:40,C,Sunday,
366,10/1/2017,8:15 PM,11:43 PM,208,3:28,C,Sunday,
367,10/2/2017,7:00 PM,8:02 PM,62,1:02,C,Monday,
368,10/2/2017,10:16 PM,11:02 PM,46,0:46,C,Monday,
369,10/3/2017,8:42 PM,9:47 PM,65,1:05,C,Tuesday,
370,10/4/2017,6:53 PM,9:05 PM,132,2:12,C,Wednesday,
371,10/5/2017,7:59 PM,9:15 PM,76,1:16,C,Thursday,
372,10/5/2017,10:39 PM,11:33 PM,54,0:54,C,Thursday,
373,10/7/2017,2:56 PM,3:06 PM,10,0:10,C,Saturday,
374,10/7/2017,3:07 PM,3:34 PM,27,0:27,FT,Saturday,
375,10/7/2017,11:58 PM,12:23 AM,25,0:25,FT,Saturday,
376,10/8/2017,8:15 PM,9:21 PM,66,1:06,FT,Sunday,
377,10/9/2017,7:10 PM,7:44 PM,34,0:34,C,Monday,
378,10/10/2017,7:46 PM,9:52 PM,126,2:06,C,Tuesday,
379,10/11/2017,7:05 PM,10:10 PM,185,3:05,C,Wednesday,
380,10/12/2017,6:58 PM,9:12 PM,134,2:14,C,Thursday,
381,10/13/2017,9:37 PM,9:56 PM,19,0:19,C,Friday,
382,10/14/2017,10:45 AM,11:11 AM,26,0:26,FT,Saturday,
383,10/15/2017,4:12 PM,6:30 PM,138,2:18,FT,Sunday,
384,10/15/2017,10:45 PM,12:06 AM,81,1:21,FT,Sunday,
385,10/16/2017,8:21 PM,10:29 PM,128,2:08,C,Monday,
386,10/17/2017,7:23 PM,8:29 PM,66,1:06,C,Tuesday,
387,10/18/2017,8:41 PM,9:40 PM,59,0:59,C,Wednesday,
388,10/22/2017,9:06 PM,9:18 PM,12,0:12,C,Sunday,
389,10/25/2017,7:02 PM,8:25 PM,83,1:23,C,Wednesday,
390,10/26/2017,7:05 AM,7:30 AM,25,0:25,C,Thursday,
391,11/1/2017,7:43 PM,9:29 PM,106,1:46,C,Wednesday,
392,11/2/2017,6:00 PM,6:34 PM,34,0:34,C,Thursday,
393,11/3/2017,7:12 PM,7:17 PM,5,0:05,C,Friday,
394,11/4/2017,7:48 PM,9:05 PM,77,1:17,C,Saturday,
395,11/5/2017,11:52 AM,12:44 PM,52,0:52,C,Sunday,
396,11/5/2017,8:17 PM,9:33 PM,76,1:16,C,Sunday,
397,11/6/2017,7:48 PM,11:53 PM,245,4:05,C,Monday,
398,11/7/2017,8:25 PM,9:35 PM,70,1:10,C,Tuesday,
399,11/9/2017,10:56 PM,11:02 PM,6,0:06,C,Thursday,
400,11/11/2017,1:52 PM,10:26 PM,514,8:34,C,Saturday,
401,11/12/2017,2:52 PM,6:52 PM,240,4:00,C,Sunday,
402,11/13/2017,12:22 AM,12:30 AM,8,0:08,C,Monday,
403,11/13/2017,7:36 PM,8:19 PM,43,0:43,C,Monday,
404,11/13/2017,9:11 PM,10:33 PM,82,1:22,C,Monday,
405,11/13/2017,11:09 PM,11:48 PM,39,0:39,C,Monday,
406,11/14/2017,8:26 PM,9:36 PM,70,1:10,C,Tuesday,
407,11/15/2017,6:37 PM,7:28 PM,51,0:51,C,Wednesday,
408,11/15/2017,9:07 PM,11:43 PM,156,2:36,C,Wednesday,
409,11/16/2017,10:34 PM,11:15 PM,41,0:41,C,Thursday,
410,11/18/2017,4:05 PM,5:10 PM,65,1:05,FT,Saturday,
411,11/18/2017,6:48 PM,7:17 PM,29,0:29,C,Saturday,
412,11/19/2017,10:41 PM,12:45 AM,124,2:04,FT,Sunday,
413,11/20/2017,9:45 PM,11:57 PM,132,2:12,C,Monday,
414,11/21/2017,11:17 PM,12:12 AM,55,0:55,C,Tuesday,
415,11/22/2017,4:38 PM,4:53 PM,15,0:15,C,Wednesday,
416,11/23/2017,3:44 AM,4:32 AM,48,0:48,C,Thursday,
417,11/25/2017,9:56 PM,12:37 AM,161,2:41,FT,Saturday,
418,11/26/2017,7:58 PM,11:42 PM,224,3:44,C,Sunday,
419,11/27/2017,5:59 PM,9:06 PM,187,3:07,C,Monday,
420,11/28/2017,5:55 PM,10:26 PM,271,4:31,C,Tuesday,
421,11/29/2017,8:53 PM,9:48 PM,55,0:55,C,Wednesday,
422,11/30/2017,6:07 PM,8:02 PM,115,1:55,C,Thursday,
423,12/1/2017,8:10 PM,9:03 PM,53,0:53,C,Friday,
424,12/2/2017,4:23 PM,6:55 PM,152,2:32,C,Saturday,
425,12/2/2017,9:09 PM,11:13 PM,124,2:04,C,Saturday,
426,12/3/2017,12:54 PM,1:32 PM,38,0:38,C,Sunday,
427,12/3/2017,5:13 PM,5:30 PM,17,0:17,C,Sunday,
428,12/3/2017,8:20 PM,9:00 PM,40,0:40,C,Sunday,
429,12/3/2017,10:36 PM,11:35 PM,59,0:59,C,Sunday,
430,12/4/2017,9:12 PM,10:52 PM,100,1:40,C,Monday,
431,12/5/2017,6:33 PM,6:49 PM,16,0:16,C,Tuesday,
432,12/5/2017,7:59 PM,10:59 PM,180,3:00,C,Tuesday,
433,12/6/2017,7:36 PM,10:53 PM,197,3:17,C,Wednesday,
434,12/7/2017,10:18 PM,10:56 PM,38,0:38,C,Thursday,
435,12/8/2017,9:36 PM,10:40 PM,64,1:04,C,Friday,
436,12/9/2017,12:34 PM,6:39 PM,365,6:05,C,Saturday,
437,12/9/2017,8:49 PM,3:29 AM,400,6:40,C,Saturday,
438,12/10/2017,10:45 AM,1:30 PM,165,2:45,C,Sunday,
439,12/10/2017,3:08 PM,7:14 PM,246,4:06,C,Sunday,
440,12/10/2017,10:49 PM,11:46 PM,57,0:57,C,Sunday,
441,12/11/2017,7:04 PM,10:31 PM,207,3:27,C,Monday,
442,12/12/2017,6:25 PM,7:50 PM,85,1:25,C,Tuesday,
443,12/14/2017,6:54 PM,7:54 PM,60,1:00,C,Thursday,
444,12/15/2017,8:20 PM,9:38 PM,78,1:18,C,Friday,
445,12/15/2017,10:36 PM,11:01 PM,25,0:25,C,Friday,
446,12/15/2017,11:32 PM,2:06 AM,154,2:34,C,Friday,
447,12/16/2017,10:35 AM,1:42 PM,187,3:07,C,Saturday,
448,12/16/2017,3:32 PM,10:01 PM,389,6:29,C,Saturday,
449,12/17/2017,2:02 PM,4:03 PM,121,2:01,C,Sunday,
450,12/17/2017,8:46 PM,11:37 PM,171,2:51,C,Sunday,
451,12/18/2017,7:35 PM,10:23 PM,168,2:48,C,Monday,
452,12/19/2017,8:22 PM,10:14 PM,112,1:52,C,Tuesday,
453,12/20/2017,6:33 PM,8:21 PM,108,1:48,C,Wednesday,
454,12/20/2017,9:59 PM,12:18 AM,139,2:19,C,Wednesday,
455,12/21/2017,7:36 PM,10:05 PM,149,2:29,C,Thursday,
456,12/22/2017,12:38 PM,3:02 PM,144,2:24,C,Friday,
457,12/22/2017,5:00 PM,8:32 PM,212,3:32,C,Friday,
458,12/22/2017,9:12 PM,1:03 AM,231,3:51,C,Friday,
459,12/23/2017,12:43 PM,1:55 PM,72,1:12,C,Saturday,
460,12/23/2017,7:48 PM,9:32 PM,104,1:44,C,Saturday,
461,12/24/2017,4:36 PM,5:35 PM,59,0:59,FT,Sunday,
462,12/25/2017,11:32 PM,12:39 AM,67,1:07,FT,Monday,
463,12/26/2017,3:10 PM,5:45 PM,155,2:35,FT,Tuesday,
464,12/26/2017,8:45 PM,11:55 PM,190,3:10,FT,Tuesday,
465,1/7/2018,9:45 AM,10:39 AM,54,0:54,C,Sunday,
466,1/7/2018,8:38 PM,12:02 AM,204,3:24,C,Sunday,
467,1/8/2018,8:06 PM,9:36 PM,90,1:30,C,Monday,
468,1/9/2018,12:39 PM,1:25 PM,46,0:46,C,Tuesday,
469,1/9/2018,8:22 PM,11:52 PM,210,3:30,C,Tuesday,
470,1/10/2018,11:47 AM,12:53 PM,66,1:06,C,Wednesday,
471,1/11/2018,10:05 PM,11:23 PM,78,1:18,C,Thursday,
472,1/12/2018,3:39 PM,4:40 PM,61,1:01,C,Friday,
473,1/12/2018,6:19 PM,7:14 PM,55,0:55,C,Friday,
474,1/14/2018,12:36 PM,1:03 PM,27,0:27,C,Sunday,
475,1/14/2018,3:22 PM,5:40 PM,138,2:18,FT,Sunday,
476,1/15/2018,4:26 PM,6:27 PM,121,2:01,FT,Monday,
477,1/15/2018,8:39 PM,11:02 PM,143,2:23,FT,Monday,
478,1/16/2018,4:29 PM,5:06 PM,37,0:37,FT,Tuesday,
479,1/17/2018,5:52 PM,6:18 PM,26,0:26,FT,Wednesday,
480,1/17/2018,8:42 PM,9:54 PM,72,1:12,FT,Wednesday,
481,1/18/2018,2:56 PM,5:03 PM,127,2:07,FT,Thursday,
482,1/18/2018,9:12 PM,11:36 PM,144,2:24,FT,Thursday,
483,1/19/2018,3:07 PM,4:02 PM,55,0:55,FT,Friday,
484,1/19/2018,8:02 PM,12:40 AM,278,4:38,FT,Friday,
485,1/20/2018,5:52 PM,9:57 PM,245,4:05,FT,Saturday,
486,1/21/2018,3:39 PM,8:48 PM,309,5:09,FT,Sunday,
487,1/21/2018,9:48 PM,4:10 AM,382,6:22,FT,Sunday,
488,1/22/2018,5:59 PM,9:28 PM,209,3:29,FT,Monday,
489,1/24/2018,8:13 PM,8:58 PM,45,0:45,FT,Wednesday,
490,1/25/2018,6:30 PM,6:52 PM,22,0:22,FT,Thursday,
491,1/25/2018,9:43 PM,11:41 PM,118,1:58,FT,Thursday,
492,1/26/2018,6:06 PM,7:55 PM,109,1:49,FT,Friday,
493,1/28/2018,9:23 PM,1:36 AM,253,4:13,FT,Sunday,
494,1/29/2018,3:38 PM,8:35 PM,297,4:57,FT,Monday,
495,1/29/2018,10:34 PM,12:49 AM,135,2:15,FT,Monday,
496,1/30/2018,6:09 PM,7:07 PM,58,0:58,FT,Tuesday,
497,1/31/2018,10:09 PM,10:38 PM,29,0:29,FT,Wednesday,
498,2/1/2018,5:28 PM,9:10 PM,222,3:42,FT,Thursday,
499,2/2/2018,4:26 PM,6:31 PM,125,2:05,FT,Friday,
500,2/2/2018,9:38 PM,10:44 PM,66,1:06,FT,Friday,
501,2/2/2018,11:11 PM,12:32 AM,81,1:21,FT,Friday,
502,2/3/2018,2:11 PM,7:38 PM,327,5:27,FT,Saturday,
503,2/3/2018,10:54 PM,12:22 AM,88,1:28,FT,Saturday,
504,2/4/2018,2:58 PM,3:27 PM,29,0:29,FT,Sunday,
505,2/5/2018,9:41 PM,10:10 PM,29,0:29,FT,Monday,
506,2/6/2018,7:45 PM,9:01 PM,76,1:16,FT,Tuesday,
507,2/7/2018,2:48 PM,4:06 PM,78,1:18,FT,Wednesday,
508,2/7/2018,7:17 PM,9:15 PM,118,1:58,FT,Wednesday,
509,2/7/2018,10:45 PM,11:28 PM,43,0:43,FT,Wednesday,
510,2/8/2018,4:49 PM,6:44 PM,115,1:55,FT,Thursday,
511,2/8/2018,10:51 PM,1:14 AM,143,2:23,FT,Thursday,
512,2/9/2018,5:10 PM,5:52 PM,42,0:42,FT,Friday,
513,2/9/2018,8:51 PM,9:29 PM,38,0:38,FT,Friday,
514,2/10/2018,1:03 AM,1:30 AM,27,0:27,C,Saturday,
515,2/10/2018,3:17 PM,4:11 PM,54,0:54,FT,Saturday,
516,2/10/2018,9:08 PM,2:38 AM,330,5:30,FT,Saturday,
517,2/11/2018,5:01 PM,5:29 PM,28,0:28,FT,Sunday,
518,2/11/2018,7:18 PM,7:50 PM,32,0:32,FT,Sunday,
519,2/12/2018,5:48 PM,6:32 PM,44,0:44,FT,Monday,
520,2/12/2018,8:14 PM,10:00 PM,106,1:46,FT,Monday,
521,2/13/2018,9:40 PM,12:38 AM,178,2:58,FT,Tuesday,
